title,image_link
1001 Spikes,https://upload.wikimedia.org/wikipedia/en/thumb/2/28/1001_Spikes_Videogame_Cover.jpg/220px-1001_Spikes_Videogame_Cover.jpg
140,https://upload.wikimedia.org/wikipedia/commons/thumb/3/3b/140_game_cover.svg/220px-140_game_cover.svg.png
153 Hand Video Poker,unreleased
360 Breakout,unreleased
3Souls,unreleased
6-Hand Video Poker,unreleased
6180 the moon,https://upload.wikimedia.org/wikipedia/en/thumb/f/ff/6180TheMoonSteamHeader.jpg/220px-6180TheMoonSteamHeader.jpg
8Bit Hero,unreleased
99Moves,unreleased
99Seconds,unreleased
Absolutely Unstoppable MineRun,unreleased
Abyss,unreleased
Ace: Alien Cleanup Elite,unreleased
Ace of Seafood,unreleased
Act It Out! A Game of Charades,unreleased
Adventure Party: Cats and Caverns,unreleased
Adventure Time: Explore the Dungeon Because I Don't Know!,https://upload.wikimedia.org/wikipedia/en/thumb/9/97/Adventure_Time_Explore_the_Dunegon_Because_I_DON%27T_KNOW.jpg/220px-Adventure_Time_Explore_the_Dunegon_Because_I_DON%27T_KNOW.jpg
Adventure Time: Finn & Jake Investigations,https://upload.wikimedia.org/wikipedia/en/thumb/c/c5/Adventure_Time_FaJI_WiiUboxart.png/220px-Adventure_Time_FaJI_WiiUboxart.png
Adventures of Pip,https://upload.wikimedia.org/wikipedia/en/thumb/2/29/Adventures_of_Pip_cover.png/220px-Adventures_of_Pip_cover.png
Aenigma Os,unreleased
Affordable Space Adventures,https://upload.wikimedia.org/wikipedia/en/thumb/6/6a/Affordable_Space_Adventures_logo.png/220px-Affordable_Space_Adventures_logo.png
Alice in Wonderland,https://upload.wikimedia.org/wikipedia/en/thumb/b/bd/Alice_in_Wonderland_%28video_game%29_Wii_box_art.jpg/220px-Alice_in_Wonderland_%28video_game%29_Wii_box_art.jpg
Alphadia Genesis,unreleased
The Amazing Spider-Man: Ultimate Edition,https://upload.wikimedia.org/wikipedia/en/thumb/f/f3/The_Amazing_Spider_Man_2012_video_game_cover.jpg/220px-The_Amazing_Spider_Man_2012_video_game_cover.jpg
The Amazing Spider-Man 2,https://upload.wikimedia.org/wikipedia/en/thumb/8/84/The_Amazing_Spider-Man_2_cover.png/220px-The_Amazing_Spider-Man_2_cover.png
Angry Birds Star Wars,https://upload.wikimedia.org/wikipedia/en/8/8d/Angry_Birds_Star_Wars.png
Angry Birds Trilogy,https://upload.wikimedia.org/wikipedia/en/thumb/1/18/Angry_Birds_Trilogy_3DS.jpg/220px-Angry_Birds_Trilogy_3DS.jpg
Angry Bunnies: Colossal Carrot Crusade,unreleased
Animal Crossing: Amiibo Festival,https://upload.wikimedia.org/wikipedia/en/thumb/d/df/Animal_Crossing_amiibo_Festival.jpg/220px-Animal_Crossing_amiibo_Festival.jpg
Animal Gods,unreleased
Annihilation,unreleased
Another World: 20th Anniversary Edition,https://upload.wikimedia.org/wikipedia/en/thumb/b/b9/Another_World_Coverart.png/220px-Another_World_Coverart.png
Aperion Cyberstorm,unreleased
Aqua Moto Racing Utopia,https://upload.wikimedia.org/wikipedia/en/thumb/b/bb/Aqua_Moto_Racing.jpg/220px-Aqua_Moto_Racing.jpg
Aqua TV,unreleased
Arc Style: Baseball! SP,unreleased
Archery by Thornbury Software,unreleased
Armikrog,https://upload.wikimedia.org/wikipedia/en/thumb/5/57/Armikrog_cover.jpg/220px-Armikrog_cover.jpg
Armillo,https://upload.wikimedia.org/wikipedia/en/thumb/6/6a/Armillo.jpg/220px-Armillo.jpg
Armored Acorns: Action Squirrel Squad,unreleased
Arrow Time U,unreleased
Art of Balance,https://upload.wikimedia.org/wikipedia/en/b/b7/Art_of_balance.jpg
Ascent of Kings,unreleased
Asdivine Hearts,unreleased
Assassin's Creed III,https://upload.wikimedia.org/wikipedia/en/thumb/2/29/Assassin%27s_Creed_III_Game_Cover.jpg/220px-Assassin%27s_Creed_III_Game_Cover.jpg
Assassin's Creed IV: Black Flag,https://upload.wikimedia.org/wikipedia/en/thumb/2/28/Assassin%27s_Creed_IV_-_Black_Flag_cover.jpg/220px-Assassin%27s_Creed_IV_-_Black_Flag_cover.jpg
Asteroid Quarry,unreleased
Astral Breakers,unreleased
Ava and Avior Save the Earth,unreleased
Avoider,unreleased
Axiom Verge,https://upload.wikimedia.org/wikipedia/en/thumb/a/a1/Axiom_Verge_Title.png/220px-Axiom_Verge_Title.png
Azure Snake,unreleased
B3 Game Expo for Bees,unreleased
Back to Bed,unreleased
Badland: Game of the Year Edition,https://upload.wikimedia.org/wikipedia/en/3/3a/Badland_video_game_logo.jpg
Baila Latino,unreleased
Ballpoint Universe: Infinite,unreleased
Barbie: Dreamhouse Party,https://upload.wikimedia.org/wikipedia/commons/thumb/7/73/Blue_pencil.svg/10px-Blue_pencil.svg.png
Batman: Arkham City – Armored Edition,https://upload.wikimedia.org/wikipedia/en/thumb/0/00/Batman_Arkham_City_Game_Cover.jpg/220px-Batman_Arkham_City_Game_Cover.jpg
Batman: Arkham Origins,https://upload.wikimedia.org/wikipedia/en/thumb/4/4d/Batman-Arkham-Origins-Box-Art.jpg/220px-Batman-Arkham-Origins-Box-Art.jpg
Batman: Arkham Origins Blackgate – Deluxe Edition,https://upload.wikimedia.org/wikipedia/en/thumb/5/51/Batman_Arkham_Origins_Blackgate_cover.jpg/220px-Batman_Arkham_Origins_Blackgate_cover.jpg
Battle Princess Madelyn,unreleased
Bayonetta,https://upload.wikimedia.org/wikipedia/en/thumb/8/81/Bayonetta_box_artwork.png/220px-Bayonetta_box_artwork.png
Bayonetta 2,https://upload.wikimedia.org/wikipedia/en/thumb/9/90/Bayonetta2boxart.png/220px-Bayonetta2boxart.png
Beatbuddy: Tale of the Guardians,unreleased
The Beggar's Ride,unreleased
Ben 10: Omniverse,https://upload.wikimedia.org/wikipedia/en/thumb/b/b3/Ben10OmiverseBoxart.png/220px-Ben10OmiverseBoxart.png
Ben 10: Omniverse 2,https://upload.wikimedia.org/wikipedia/en/thumb/7/7f/Ben10omiverse2gameart.png/220px-Ben10omiverse2gameart.png
Bigley's Revenge,unreleased
The Binding of Isaac: Rebirth,https://upload.wikimedia.org/wikipedia/en/thumb/c/ce/Binding_of_Isaac_Rebirth_Header.png/220px-Binding_of_Isaac_Rebirth_Header.png
Bird Mania Party,unreleased
Bit Dungeon Plus,unreleased
Bit.Trip Presents... Runner2: Future Legend of Rhythm Alien,https://upload.wikimedia.org/wikipedia/en/thumb/0/0d/Bit_Trip_Presents_Runner_2_cover.jpg/220px-Bit_Trip_Presents_Runner_2_cover.jpg
Blackjack 21,unreleased
Blasting Agent: Ultimate Edition,unreleased
Blek,https://upload.wikimedia.org/wikipedia/en/thumb/9/9c/Blek_app_icon.png/220px-Blek_app_icon.png
Bloc,unreleased
Blockara,unreleased
Block Zombies!,unreleased
Blocky Bot,unreleased
Blok Drop U,unreleased
Blok Drop X: Twisted Fusion,unreleased
Blue-Collar Astronaut,unreleased
Bombing Bastards,unreleased
The Book of Unwritten Tales 2,https://upload.wikimedia.org/wikipedia/en/thumb/0/0d/The_Book_of_Unwritten_Tales_2_cover.jpg/220px-The_Book_of_Unwritten_Tales_2_cover.jpg
Booty Diver,unreleased
Box Up,unreleased
Breakout Defense,unreleased
Breakout Defense 2,unreleased
Breezeblox,unreleased
BrickBlast U!,unreleased
Brick Breaker,unreleased
Brick Race,unreleased
The Bridge,https://upload.wikimedia.org/wikipedia/en/thumb/e/ed/The-Bridge-video-game-logo.png/220px-The-Bridge-video-game-logo.png
Brunswick Pro Bowling,https://upload.wikimedia.org/wikipedia/en/thumb/f/f2/Brunswick_Pro_Bowling.JPG/220px-Brunswick_Pro_Bowling.JPG
Bubble Gum Popper,unreleased
Buddy & Me: Dream Edition,unreleased
Cabela's Big Game Hunter: Pro Hunts,https://upload.wikimedia.org/wikipedia/en/d/d7/Cabela%27s_Big_Game_Hunter_Pro_Hunts_coverart.jpg
Cabela's Dangerous Hunts 2013,https://upload.wikimedia.org/wikipedia/en/2/2c/CDH_Image_boxart.png
Cake Ninja 3: The Legend Continues,unreleased
Call of Duty: Black Ops II,https://upload.wikimedia.org/wikipedia/en/thumb/0/05/Call_of_Duty_Black_Ops_II_box_artwork.png/220px-Call_of_Duty_Black_Ops_II_box_artwork.png
Call of Duty: Ghosts,https://upload.wikimedia.org/wikipedia/en/thumb/9/9c/Call_of_duty_ghosts_box_art.jpg/220px-Call_of_duty_ghosts_box_art.jpg
Call of Nightmare,unreleased
Candy Hoarder,unreleased
Canvaleon,unreleased
Captain Toad: Treasure Tracker,https://upload.wikimedia.org/wikipedia/en/thumb/9/90/CaptainToadtreasuretracker.png/220px-CaptainToadtreasuretracker.png
Cars 3: Driven to Win,https://upload.wikimedia.org/wikipedia/en/thumb/8/88/Cars_3_Driven_to_Win.jpg/220px-Cars_3_Driven_to_Win.jpg
CastleStorm,https://upload.wikimedia.org/wikipedia/en/thumb/e/e3/CastleStorm_Logo.png/220px-CastleStorm_Logo.png
The Cave,https://upload.wikimedia.org/wikipedia/en/4/49/The_cave_video_game_cover.png
Chariot,https://upload.wikimedia.org/wikipedia/en/thumb/5/56/Chariot_game_logo.png/220px-Chariot_game_logo.png
ChariSou Ultra DX: Sekai Tour,unreleased
Chasing Aurora,unreleased
Chasing Dead,unreleased
Chests o' Booty,unreleased
Child of Light,https://upload.wikimedia.org/wikipedia/en/thumb/8/8c/Child_of_Light_art.jpg/220px-Child_of_Light_art.jpg
Chimpuzzle Pro,unreleased
Chompy Chomp Chomp Party,unreleased
Christmas Adventure of Rocket Penguin,unreleased
Chroma Blast,unreleased
Chubbins,unreleased
Citadale: Gate of Souls,unreleased
Citadale: The Legends Trilogy,unreleased
Citizens of Earth,https://upload.wikimedia.org/wikipedia/en/thumb/8/84/CitizensOfEarth.jpg/220px-CitizensOfEarth.jpg
Coaster Crazy Deluxe,unreleased
Cocoto Magic Circus 2,https://upload.wikimedia.org/wikipedia/en/thumb/a/a6/Cocoto_Funfair.jpg/220px-Cocoto_Funfair.jpg
Collateral Thinking,unreleased
Color Bombs,unreleased
Color Cubes,unreleased
Color Symphony 2,unreleased
Color Zen,unreleased
Color Zen Kids,unreleased
Coqui The Game,unreleased
Cosmophony,unreleased
Costume Quest 2,https://upload.wikimedia.org/wikipedia/en/thumb/5/5a/Costume_Quest_2_cover_art.jpg/220px-Costume_Quest_2_cover_art.jpg
Crab Cakes Rescue,unreleased
Crush Insects,unreleased
Cube Blitz,unreleased
Cube Life: Pixel Action Heroes,unreleased
Cubeshift,unreleased
Cubit The Hardcore Platformer Robot HD,unreleased
Cup Critters,unreleased
Cutie Clash,unreleased
Cutie Pets Go Fishing,unreleased
Cutie Pets Jump Rope,unreleased
Cutie Pets Pick Berries,unreleased
Cycle of Eternity: Space Anomaly,unreleased
D.M.L.C. Death Match Love Comedy,unreleased
Daikon Set,unreleased
Dare Up Adrenaline,unreleased
Darksiders II,https://upload.wikimedia.org/wikipedia/en/thumb/5/5c/DarksidersII.jpg/220px-DarksidersII.jpg
Darksiders: Warmastered Edition,https://upload.wikimedia.org/wikipedia/en/thumb/4/42/Darksiders_Cover.jpg/220px-Darksiders_Cover.jpg
Darts Up,unreleased
A Day at the Carnival,unreleased
The Deer God,unreleased
Defend Your Crypt,unreleased
Defense Dome,unreleased
Demonic Karma Summoner,unreleased
Deus Ex: Human Revolution – Director's Cut,https://upload.wikimedia.org/wikipedia/en/thumb/0/06/Deus_Ex_Human_Revolution_cover.jpg/220px-Deus_Ex_Human_Revolution_cover.jpg
Devil's Third,https://upload.wikimedia.org/wikipedia/en/thumb/5/5a/Devils_Third_boxart.jpg/220px-Devils_Third_boxart.jpg
Dinox,unreleased
Discovery,unreleased
Disney Epic Mickey 2: The Power of Two,https://upload.wikimedia.org/wikipedia/en/thumb/b/bd/Epic_Mickey_2_Boxart.PNG/220px-Epic_Mickey_2_Boxart.PNG
Disney Infinity,https://upload.wikimedia.org/wikipedia/en/thumb/9/99/Disney_Infinity_US_box_art.png/220px-Disney_Infinity_US_box_art.png
Disney Infinity 3.0,https://upload.wikimedia.org/wikipedia/en/thumb/0/09/DisneyI30PALBoxart.png/220px-DisneyI30PALBoxart.png
Disney Infinity: Marvel Super Heroes,https://upload.wikimedia.org/wikipedia/en/thumb/b/bd/Disney_INFINITY_2.0_Edition_Starter_Pack.png/220px-Disney_INFINITY_2.0_Edition_Starter_Pack.png
Disney's DuckTales: Remastered,https://upload.wikimedia.org/wikipedia/en/thumb/1/15/DuckTales_Remastered.jpg/200px-DuckTales_Remastered.jpg
Dodge Club Party,unreleased
Dolphin Up,unreleased
Don't Crash,unreleased
Don't Starve: Giant Edition,https://upload.wikimedia.org/wikipedia/en/thumb/d/d2/Don%27t_Starve_cover.jpg/220px-Don%27t_Starve_cover.jpg
Don't Touch Anything Red,unreleased
Donkey Kong Country: Tropical Freeze,https://upload.wikimedia.org/wikipedia/en/thumb/f/fb/DKC5_box_art.jpg/220px-DKC5_box_art.jpg
Dot Arcade,unreleased
Double Breakout,unreleased
Double Breakout II,unreleased
Dr. Luigi,https://upload.wikimedia.org/wikipedia/en/thumb/c/c0/Dr._Luigi_logo.png/220px-Dr._Luigi_logo.png
Dracula's Legacy,unreleased
Dragon Quest X: 5000-nen no Harukanaru Kokyou e Online,https://upload.wikimedia.org/wikipedia/en/thumb/6/67/Dragon_Quest_X_Box_Art.jpg/220px-Dragon_Quest_X_Box_Art.jpg
Dragon Quest X: Inishie no Ryuu no Denshou Online,https://upload.wikimedia.org/wikipedia/en/thumb/6/67/Dragon_Quest_X_Box_Art.jpg/220px-Dragon_Quest_X_Box_Art.jpg
Dragon Quest X: Mezameshi Itsutsu no Shuzoku Online,https://upload.wikimedia.org/wikipedia/en/thumb/6/67/Dragon_Quest_X_Box_Art.jpg/220px-Dragon_Quest_X_Box_Art.jpg
Dragon Skills,unreleased
Draw 2 Survive,unreleased
Draw a Stickman: Epic 2,unreleased
A Drawing's Journey,unreleased
Dreamals,unreleased
Dreamals: Dream Quest,unreleased
Dreii,unreleased
Drop It: Block Paradise!,unreleased
Dual Core,unreleased
Dungeons & Dragons: Chronicles of Mystara,https://upload.wikimedia.org/wikipedia/en/thumb/9/99/D%26D_Chronicles_of_Mystara.jpg/250px-D%26D_Chronicles_of_Mystara.jpg
Dungeon Hearts DX,unreleased
Earthlock: Festival of Magic,https://upload.wikimedia.org/wikipedia/en/thumb/8/8d/Earthlock_Festival_of_Magic_Cover_all-platforms.png/220px-Earthlock_Festival_of_Magic_Cover_all-platforms.png
Eba & Egg: A Hatch Trip,unreleased
Ectoplaza,unreleased
Edge,https://upload.wikimedia.org/wikipedia/commons/thumb/f/fe/Edge_%28video_game%29_app_icon.jpg/220px-Edge_%28video_game%29_app_icon.jpg
Educational Pack of Kids Games,unreleased
El Silla: Arcade Edition,unreleased
Emojikara: A Clever Emoji Match Game,unreleased
Endless Golf,unreleased
Epic Dumpster Bear,unreleased
Escape from Flare Industries,unreleased
ESPN Sports Connection,unreleased
Evofish,unreleased
Exile's End,unreleased
Explody Bomb,unreleased
Extreme Exorcism,unreleased
F1 Race Stars: Powered Up Edition,https://upload.wikimedia.org/wikipedia/en/thumb/5/53/F1_Race_Stars_EU.png/220px-F1_Race_Stars_EU.png
Factotum,unreleased
Fake Colors,unreleased
The Fall,https://upload.wikimedia.org/wikipedia/commons/thumb/c/c0/The_Fall_%28video_game%29_logo.png/220px-The_Fall_%28video_game%29_logo.png
Family Party: 30 Great Games Obstacle Arcade,https://upload.wikimedia.org/wikipedia/en/c/c9/Family_Party_-_30_Great_Games_Obstacle_Arcade_cover_art.jpg
Family Tennis SP,unreleased
Fast & Furious: Showdown,https://upload.wikimedia.org/wikipedia/en/thumb/9/9f/FastFuriousShowdown.jpg/256px-FastFuriousShowdown.jpg
Fast Racing Neo,https://upload.wikimedia.org/wikipedia/en/thumb/9/96/FAST_Racing_Neo_Coverart.png/220px-FAST_Racing_Neo_Coverart.png
Fat City,unreleased
Fat Dragons,unreleased
Fatal Frame: Maiden of Black Water,https://upload.wikimedia.org/wikipedia/en/thumb/7/77/Project_Zero_MOBW_PAL_box.jpg/220px-Project_Zero_MOBW_PAL_box.jpg
FIFA 13,https://upload.wikimedia.org/wikipedia/en/thumb/5/51/FIFA_13_Global_Cover.jpeg/250px-FIFA_13_Global_Cover.jpeg
Fifteen,unreleased
Fist of the North Star: Ken's Rage 2,https://upload.wikimedia.org/wikipedia/en/thumb/b/be/KensRage2.jpg/220px-KensRage2.jpg
Flapp & Zegeta,unreleased
Flight of Light,unreleased
Flowerworks HD: Follie's Adventure,unreleased
Forced,https://upload.wikimedia.org/wikipedia/en/thumb/0/07/Forced_game_cover_art.jpg/220px-Forced_game_cover_art.jpg
Forest Escape,unreleased
Forma.8,unreleased
Frankenstein: Master of Death,unreleased
Frederic: Resurrection of Music,unreleased
Free Balling,unreleased
Freedom Planet,https://upload.wikimedia.org/wikipedia/commons/thumb/0/03/Freedom_Planet_Steam_artwork.jpg/220px-Freedom_Planet_Steam_artwork.jpg
FreezeME,unreleased
Frenchy Bird,unreleased
Fujiko F. Fujio Characters: Daishuugou! SF Dotabata Party!,unreleased
FullBlast,unreleased
Funk of Titans,unreleased
Funky Barn: It's Farming,https://upload.wikimedia.org/wikipedia/en/thumb/8/8f/Funky_Barn_Wii_U_North_American_Cover.jpg/220px-Funky_Barn_Wii_U_North_American_Cover.jpg
Funky Physics,unreleased
Futuridium EP Deluxe,https://upload.wikimedia.org/wikipedia/en/thumb/4/44/Futuridium_EP_Deluxe_coverart.png/220px-Futuridium_EP_Deluxe_coverart.png
Gaiabreaker,unreleased
Galaxy Blaster,unreleased
Game & Wario,https://upload.wikimedia.org/wikipedia/en/e/ed/Game_%26_Wario_box_art.jpg
Game Party Champions,https://upload.wikimedia.org/wikipedia/en/0/0d/Game_party_champions_boxart.jpg
Games for Toddlers,unreleased
Gear Gauntlet,unreleased
The Gem Collector,unreleased
Gemology,unreleased
Geom,unreleased
GetClose: A game for Rivals,unreleased
Ghost Blade HD,unreleased
Giana Sisters: Twisted Dreams,https://upload.wikimedia.org/wikipedia/en/thumb/5/58/ProjectGianaSplashArt.jpg/220px-ProjectGianaSplashArt.jpg
Giana Sisters: Twisted Dreams – Director's Cut,https://upload.wikimedia.org/wikipedia/en/thumb/5/58/ProjectGianaSplashArt.jpg/220px-ProjectGianaSplashArt.jpg
The Girl and the Robot,unreleased
Gotouchi Tetsudou: Gotouchi Kyara to Nihon Zenkoku no Tabi,unreleased
Grand Prix Rock 'N Racing,unreleased
GravBlocks+,unreleased
Gravity+,unreleased
Gravity Badgers,unreleased
Grumpy Reaper,unreleased
Guac' a Mole,unreleased
Guacamelee!: Super Turbo Championship Edition,https://upload.wikimedia.org/wikipedia/commons/thumb/5/54/Guacamelee%21_STCE_box_art.jpg/220px-Guacamelee%21_STCE_box_art.jpg
Guitar Hero Live,https://upload.wikimedia.org/wikipedia/en/thumb/1/18/GHLiveboxart.png/220px-GHLiveboxart.png
Gunman Clive HD Collection,https://upload.wikimedia.org/wikipedia/en/thumb/0/0b/GunmanClive.jpg/220px-GunmanClive.jpg
Heptrix,unreleased
Hive Jump,unreleased
Hold Your Fire: A Game About Responsibility,unreleased
Hot Rod Racer,unreleased
Hot Wheels World's Best Driver,https://upload.wikimedia.org/wikipedia/en/thumb/2/25/HotWheelsWorldsBestDriver.png/256px-HotWheelsWorldsBestDriver.png
How to Survive,https://upload.wikimedia.org/wikipedia/en/e/ed/HowToSurviveBoxartXBLA.jpg
Human Resource Machine,https://upload.wikimedia.org/wikipedia/en/thumb/e/e1/Human_resource_machine_cover.jpg/220px-Human_resource_machine_cover.jpg
Humanitarian Helicopter,unreleased
HurryUp! Bird Hunter,unreleased
Hyrule Warriors,https://upload.wikimedia.org/wikipedia/en/thumb/c/c9/Hyrule_Warriors_NA_game_cover.png/220px-Hyrule_Warriors_NA_game_cover.png
I C Redd,unreleased
I've Got to Run!,unreleased
Ice Cream Surfer,unreleased
Infinity Runner,unreleased
Injustice: Gods Among Us,https://upload.wikimedia.org/wikipedia/en/thumb/f/f8/Injustice_Gods_Among_Us_Cover_Art.jpg/220px-Injustice_Gods_Among_Us_Cover_Art.jpg
Insect Planet TD,unreleased
Inside My Radio,https://upload.wikimedia.org/wikipedia/commons/thumb/7/73/Blue_pencil.svg/10px-Blue_pencil.svg.png
Internal Invasion,unreleased
Invanoid,unreleased
IQ Test,unreleased
Island Flight Simulator,unreleased
Ittle Dew,https://upload.wikimedia.org/wikipedia/en/thumb/f/f6/Ittle_Dew_2.jpg/220px-Ittle_Dew_2.jpg
Jackpot 777,unreleased
Jett Tailfin,unreleased
Jewel Quest,https://upload.wikimedia.org/wikipedia/en/c/cc/Jewelquestcover.jpg
Job the Leprechaun,unreleased
Joe's Diner,unreleased
Jolt Family Robot Racer,unreleased
Jones on Fire,unreleased
Jotun: Valhalla Edition,https://upload.wikimedia.org/wikipedia/en/thumb/3/3c/Jotun_game_logo.png/220px-Jotun_game_logo.png
Journey of a Special Average Balloon,unreleased
Just Dance 4,https://upload.wikimedia.org/wikipedia/en/thumb/f/f2/Just_Dance_4%2C_PS3_Cover.jpg/220px-Just_Dance_4%2C_PS3_Cover.jpg
Just Dance 2014,https://upload.wikimedia.org/wikipedia/en/8/81/Just_Dance_2014_Official_NTSC_Cover_Art.jpg
Just Dance 2015,https://upload.wikimedia.org/wikipedia/en/thumb/b/b0/Just_Dance_2015.jpg/220px-Just_Dance_2015.jpg
Just Dance 2016,https://upload.wikimedia.org/wikipedia/en/thumb/e/e3/JustDance2016_NAboxart.png/220px-JustDance2016_NAboxart.png
Just Dance 2017,https://upload.wikimedia.org/wikipedia/en/thumb/a/ab/Just_Dance_2017.jpg/220px-Just_Dance_2017.jpg
Just Dance 2018,https://upload.wikimedia.org/wikipedia/en/thumb/3/3b/Just_Dance_2018_Switch_cover.jpg/220px-Just_Dance_2018_Switch_cover.jpg
Just Dance 2019,https://upload.wikimedia.org/wikipedia/commons/thumb/e/e5/Just_Dance_2019_Logo.png/220px-Just_Dance_2019_Logo.png
Just Dance: Disney Party 2,https://upload.wikimedia.org/wikipedia/en/thumb/6/61/Just_Dance_Disney_Party_2_cover.jpg/220px-Just_Dance_Disney_Party_2_cover.jpg
Just Dance Kids 2014,https://upload.wikimedia.org/wikipedia/en/thumb/3/3c/Just_Dance_Kids_2014.jpg/220px-Just_Dance_Kids_2014.jpg
Just Dance Wii U,https://upload.wikimedia.org/wikipedia/commons/thumb/b/b2/Just_Dance_logo.svg/250px-Just_Dance_logo.svg.png
Kemono Dash,unreleased
Keytari: 8-bit Music Maker,unreleased
Kick & Fennick,https://upload.wikimedia.org/wikipedia/en/thumb/5/5f/Kick_%26_Fennick_%28Cover%29.jpg/220px-Kick_%26_Fennick_%28Cover%29.jpg
Kirby and the Rainbow Curse,https://upload.wikimedia.org/wikipedia/en/thumb/2/22/Kirby_and_the_rainbow_curse_art.jpg/220px-Kirby_and_the_rainbow_curse_art.jpg
Koi DX,unreleased
Knytt Underground,https://upload.wikimedia.org/wikipedia/en/thumb/1/1c/Knytt_Underground_Main_Menu_Title.png/220px-Knytt_Underground_Main_Menu_Title.png
Kung Fu Fight!,unreleased
Kung Fu Panda: Showdown of Legendary Legends,https://upload.wikimedia.org/wikipedia/en/thumb/c/cc/KungfuPandaXboxOneboxart.png/220px-KungfuPandaXboxOneboxart.png
Kung Fu Rabbit,https://upload.wikimedia.org/wikipedia/en/thumb/b/b4/Kung_Fu_Rabbit_%28Cover%29.png/220px-Kung_Fu_Rabbit_%28Cover%29.png
Land It Rocket,unreleased
Laser Blaster,unreleased
Last Soldier,unreleased
Legend of Kay Anniversary,https://upload.wikimedia.org/wikipedia/en/thumb/7/7f/Legend_of_Kay_Coverart.png/220px-Legend_of_Kay_Coverart.png
The Legend of Zelda: Breath of the Wild,https://upload.wikimedia.org/wikipedia/en/thumb/c/c6/The_Legend_of_Zelda_Breath_of_the_Wild.jpg/220px-The_Legend_of_Zelda_Breath_of_the_Wild.jpg
The Legend of Zelda: Twilight Princess HD,https://upload.wikimedia.org/wikipedia/en/thumb/1/1a/Twilight_Princess_HD_cover.jpg/220px-Twilight_Princess_HD_cover.jpg
The Legend of Zelda: The Wind Waker HD,https://upload.wikimedia.org/wikipedia/en/thumb/0/04/TheWindWakerHD.jpg/220px-TheWindWakerHD.jpg
Lego Batman 2: DC Super Heroes,https://upload.wikimedia.org/wikipedia/en/thumb/4/43/Legobatman2.jpg/220px-Legobatman2.jpg
Lego Batman 3: Beyond Gotham,https://upload.wikimedia.org/wikipedia/en/thumb/2/2d/Lego_Batman_3_-_Beyond_Gotham_cover.jpg/220px-Lego_Batman_3_-_Beyond_Gotham_cover.jpg
Lego City Undercover,https://upload.wikimedia.org/wikipedia/en/thumb/5/5b/LegoCityUndercover.jpg/220px-LegoCityUndercover.jpg
Lego Dimensions,https://upload.wikimedia.org/wikipedia/en/thumb/f/ff/Lego_Dimensions_PS4_Box_Cover.jpg/220px-Lego_Dimensions_PS4_Box_Cover.jpg
Lego Jurassic World,https://upload.wikimedia.org/wikipedia/en/thumb/0/0e/Lego_Jurassic_World_cover.png/220px-Lego_Jurassic_World_cover.png
Lego Marvel Super Heroes,https://upload.wikimedia.org/wikipedia/en/thumb/a/a7/Lego-Marvel-cover.jpg/220px-Lego-Marvel-cover.jpg
Lego Marvel's Avengers,https://upload.wikimedia.org/wikipedia/en/thumb/c/c7/Lego_Avengers.jpg/220px-Lego_Avengers.jpg
The Lego Movie Videogame,https://upload.wikimedia.org/wikipedia/en/thumb/a/aa/The_Lego_Movie_Videogame_cover.jpg/220px-The_Lego_Movie_Videogame_cover.jpg
Lego Star Wars: The Force Awakens,https://upload.wikimedia.org/wikipedia/en/thumb/d/df/LegoStarWarsTheForceAwakens.jpg/220px-LegoStarWarsTheForceAwakens.jpg
Lego The Hobbit,https://upload.wikimedia.org/wikipedia/en/thumb/9/99/LegoTheHobbitVideoGameBoxart.jpg/220px-LegoTheHobbitVideoGameBoxart.jpg
The Letter,https://upload.wikimedia.org/wikipedia/en/thumb/5/54/The_Letter_game.jpg/220px-The_Letter_game.jpg
Letter Quest Remastered,unreleased
"Level 22, Gary's Misadventures",unreleased
Life of Pixel,unreleased
Little Inferno,https://upload.wikimedia.org/wikipedia/en/thumb/b/b2/Little_inferno_title.jpg/220px-Little_inferno_title.jpg
Lone Survivor: The Director's Cut,https://upload.wikimedia.org/wikipedia/en/thumb/8/82/Lone_Survivor_game.png/220px-Lone_Survivor_game.png
Lost Reavers,https://upload.wikimedia.org/wikipedia/en/thumb/d/d1/Lost_Reavers_logo.png/220px-Lost_Reavers_logo.png
Lovely Planet,unreleased
Lucadian Chronicles,unreleased
Lucentek Beyond,unreleased
Lucentrek: Activate,unreleased
Luv Me Buddies Wonderland,unreleased
Madden NFL 13,https://upload.wikimedia.org/wikipedia/en/thumb/a/a1/Madden_NFL_13_cover.png/220px-Madden_NFL_13_cover.png
Mahjong Deluxe 3,unreleased
Manabi Getto!,unreleased
Mario & Sonic at the Rio 2016 Olympic Games,https://upload.wikimedia.org/wikipedia/en/thumb/a/a8/M%26s_rio_2016_wii_u_cover_art.jpg/220px-M%26s_rio_2016_wii_u_cover_art.jpg
Mario & Sonic at the Sochi 2014 Olympic Winter Games,https://upload.wikimedia.org/wikipedia/en/thumb/a/a6/Mario_%26_Sonic_Sochi_2014.png/256px-Mario_%26_Sonic_Sochi_2014.png
Mario Kart 8,https://upload.wikimedia.org/wikipedia/en/thumb/b/b5/MarioKart8Boxart.jpg/220px-MarioKart8Boxart.jpg
Mario Party 10,https://upload.wikimedia.org/wikipedia/en/thumb/1/1a/Mario_Party_10_Small_Official_Boxart.png/220px-Mario_Party_10_Small_Official_Boxart.png
Mario Tennis: Ultra Smash,https://upload.wikimedia.org/wikipedia/en/thumb/1/19/Mario_Tennis_Ultra_Smash.jpg/220px-Mario_Tennis_Ultra_Smash.jpg
Mario vs. Donkey Kong: Tipping Stars,https://upload.wikimedia.org/wikipedia/en/thumb/e/ea/Mario_vs._Donkey_Kong_Tipping_Stars_cover_artwork.jpg/220px-Mario_vs._Donkey_Kong_Tipping_Stars_cover_artwork.jpg
Marvel Avengers: Battle for Earth,https://upload.wikimedia.org/wikipedia/en/thumb/4/44/Avengers_Battle_for_Earth_cover_art.jpg/220px-Avengers_Battle_for_Earth_cover_art.jpg
Mass Effect 3: Special Edition,https://upload.wikimedia.org/wikipedia/en/thumb/b/b0/Mass_Effect_3_Game_Cover.jpg/220px-Mass_Effect_3_Game_Cover.jpg
Masked Forces,unreleased
Master Reboot,unreleased
Maze,unreleased
Maze Break,unreleased
Mega Maze,unreleased
Meine Ersten Mitsing-Lieder,unreleased
Meme Run,https://upload.wikimedia.org/wikipedia/en/thumb/2/29/Meme_Run.png/220px-Meme_Run.png
Midnight,unreleased
Midnight 2,unreleased
Midtown Crazy Race,unreleased
Mighty No. 9,https://upload.wikimedia.org/wikipedia/en/thumb/0/03/Mighty_No._9_cover_art.jpg/220px-Mighty_No._9_cover_art.jpg
Mighty Switch Force!: Hyper Drive Edition,https://upload.wikimedia.org/wikipedia/en/thumb/4/4a/Mighty_Switch_Force_Logo.jpg/220px-Mighty_Switch_Force_Logo.jpg
Mighty Switch Force! 2,https://upload.wikimedia.org/wikipedia/en/thumb/2/2f/Msf2logo.jpg/220px-Msf2logo.jpg
Miko Mole,unreleased
MikroGame: Rotator,unreleased
Minecraft: Story Mode - The Complete Adventure,https://upload.wikimedia.org/wikipedia/en/thumb/c/ce/Minecraft_Story_Mode_Logo.png/220px-Minecraft_Story_Mode_Logo.png
Minecraft: Wii U Edition,https://upload.wikimedia.org/wikipedia/en/thumb/3/32/Minecraft_logo.svg/220px-Minecraft_logo.svg.png
Mini Mario & Friends: Amiibo Challenge,https://upload.wikimedia.org/wikipedia/en/thumb/8/8e/Mini_Mario_and_Friends_amiibo_Challenge_Logo.png/220px-Mini_Mario_and_Friends_amiibo_Challenge_Logo.png
Mini-Games Madness Volume #1: Hello World!,unreleased
The Misshitsukara no Dasshutsu: Subete no Hajimari 16 no Nazo,unreleased
The Misshitsukara no Dasshutsu 2: Kesareta 19 no Kioku,unreleased
Molly Maggot,unreleased
Momonga Pinball Adventures,unreleased
Mon Premier Karaoké,unreleased
Monkey Pirates,unreleased
Monster Hunter 3 Ultimate,https://upload.wikimedia.org/wikipedia/en/thumb/2/2c/Monster_Hunter_Tri_Box_Art.jpg/220px-Monster_Hunter_Tri_Box_Art.jpg
Monster Hunter: Frontier G,https://upload.wikimedia.org/wikipedia/en/thumb/0/06/Monster_Hunter_Frontier_G_cover.jpg/220px-Monster_Hunter_Frontier_G_cover.jpg
Monster Hunter: Frontier G Genuine,https://upload.wikimedia.org/wikipedia/en/thumb/0/06/Monster_Hunter_Frontier_G_cover.jpg/220px-Monster_Hunter_Frontier_G_cover.jpg
Monster Hunter: Frontier G5,https://upload.wikimedia.org/wikipedia/en/thumb/0/06/Monster_Hunter_Frontier_G_cover.jpg/220px-Monster_Hunter_Frontier_G_cover.jpg
Monster Hunter: Frontier G6,https://upload.wikimedia.org/wikipedia/en/thumb/0/06/Monster_Hunter_Frontier_G_cover.jpg/220px-Monster_Hunter_Frontier_G_cover.jpg
Monster Hunter: Frontier G7,https://upload.wikimedia.org/wikipedia/en/thumb/0/06/Monster_Hunter_Frontier_G_cover.jpg/220px-Monster_Hunter_Frontier_G_cover.jpg
Monster Hunter: Frontier G8,https://upload.wikimedia.org/wikipedia/en/thumb/0/06/Monster_Hunter_Frontier_G_cover.jpg/220px-Monster_Hunter_Frontier_G_cover.jpg
Monster Hunter: Frontier Z,https://upload.wikimedia.org/wikipedia/en/thumb/7/71/Monster_Hunter_logo.png/250px-Monster_Hunter_logo.png
Mop: Operation Cleanup,unreleased
Mortar Melon,unreleased
Mr. Pumpkin Adventure,unreleased
Mutant Alien Moles of the Dead,unreleased
Mutant Mudds Deluxe,https://upload.wikimedia.org/wikipedia/en/thumb/9/9f/MutantMuddsTitle.jpg/220px-MutantMuddsTitle.jpg
Mutant Mudds Super Challenge,https://upload.wikimedia.org/wikipedia/en/thumb/9/9f/MutantMuddsTitle.jpg/220px-MutantMuddsTitle.jpg
My Arctic Farm,unreleased
My Exotic Farm,unreleased
My Farm,unreleased
My First Songs,unreleased
My Jurassic Farm,unreleased
My Style Studio: Hair Salon,unreleased
My Style Studio: Notebook,unreleased
Nano Assault Neo,https://upload.wikimedia.org/wikipedia/en/thumb/b/b7/Nano_Assault_Neo_Logo.png/220px-Nano_Assault_Neo_Logo.png
NBA 2K13,https://upload.wikimedia.org/wikipedia/en/thumb/1/10/NBA_2K13_Box_art.jpg/220px-NBA_2K13_Box_art.jpg
Near Earth Objects,unreleased
Need for Speed: Most Wanted U,https://upload.wikimedia.org/wikipedia/en/thumb/9/91/Need_for_Speed%2C_Most_Wanted_2012_video_game_Box_Art.jpg/220px-Need_for_Speed%2C_Most_Wanted_2012_video_game_Box_Art.jpg
Neon Battle,unreleased
NES Remix,https://upload.wikimedia.org/wikipedia/en/thumb/3/36/NESRemixLogoIntro2.jpg/220px-NESRemixLogoIntro2.jpg
NES Remix 2,https://upload.wikimedia.org/wikipedia/en/thumb/3/36/NESRemixLogoIntro2.jpg/220px-NESRemixLogoIntro2.jpg
NES Remix Pack,https://upload.wikimedia.org/wikipedia/en/thumb/3/36/NESRemixLogoIntro2.jpg/220px-NESRemixLogoIntro2.jpg
Never Alone,https://upload.wikimedia.org/wikipedia/en/thumb/8/8a/Never_Alone_Box_Art%2C_Box_art_1080x1080.png/220px-Never_Alone_Box_Art%2C_Box_art_1080x1080.png
New Super Luigi U,https://upload.wikimedia.org/wikipedia/en/thumb/f/fe/New_Super_Luigi_U.jpg/220px-New_Super_Luigi_U.jpg
New Super Mario Bros. U,https://upload.wikimedia.org/wikipedia/en/thumb/0/03/New_Super_Mario_Bros._U_box_art.png/220px-New_Super_Mario_Bros._U_box_art.png
Nihilumbra,https://upload.wikimedia.org/wikipedia/en/4/43/Nihilumbra_logo.png
Ninja Gaiden 3: Razor's Edge,https://upload.wikimedia.org/wikipedia/en/thumb/4/41/Ninja_Gaiden_3_RE_box_artwork.jpg/220px-Ninja_Gaiden_3_RE_box_artwork.jpg
Ninja Pizza Girl,unreleased
Ninja Strike: Dangerous Dash,unreleased
Nintendo Land,https://upload.wikimedia.org/wikipedia/en/thumb/3/3e/Nintendo_Land_box_artwork.png/220px-Nintendo_Land_box_artwork.png
Noitu Love: Devolution,unreleased
Nova-111,https://upload.wikimedia.org/wikipedia/en/2/2b/Nova-111_video_game.jpg
Now I know my ABCs,unreleased
Octocopter: Super Sub Squid Escape,unreleased
Octodad: Dadliest Catch,https://upload.wikimedia.org/wikipedia/en/thumb/2/2b/Octodad_Logo.png/220px-Octodad_Logo.png
Oddworld: Abe's Oddysee – New 'n' Tasty!,https://upload.wikimedia.org/wikipedia/en/thumb/8/8f/New_n_Tasty_official_cover_art.jpg/220px-New_n_Tasty_official_cover_art.jpg
Ohayou! Beginner's Japanese,unreleased
Okiraku Tennis SP,unreleased
OlliOlli,https://upload.wikimedia.org/wikipedia/en/thumb/2/2b/OlliOlli_logo_255x255.png/220px-OlliOlli_logo_255x255.png
Olympia Rising,unreleased
One Piece: Unlimited World Red,https://upload.wikimedia.org/wikipedia/en/thumb/0/0f/One_Piece_Unlimited_World_RED_cover_art.jpeg/220px-One_Piece_Unlimited_World_RED_cover_art.jpeg
Orbit,unreleased
Outside The Realm,unreleased
Overworld Defender Remix,unreleased
Pac-Man and the Ghostly Adventures,https://upload.wikimedia.org/wikipedia/en/7/78/PacManandtheGhostlyAdventures2013VideoGameBoxart.png
Pac-Man and the Ghostly Adventures 2,https://upload.wikimedia.org/wikipedia/en/7/74/PACMANAGA2Update.png
Panda Love,unreleased
Paparazzi,unreleased
Paper Mario: Color Splash,https://upload.wikimedia.org/wikipedia/en/thumb/b/be/Paper_Mario_Color_Splash.jpg/220px-Paper_Mario_Color_Splash.jpg
Paper Monsters Recut,unreleased
Paranautical Activity,https://upload.wikimedia.org/wikipedia/en/thumb/2/2c/Paranautical_Activity.jpg/220px-Paranautical_Activity.jpg
The Peanuts Movie: Snoopy's Grand Adventure,https://upload.wikimedia.org/wikipedia/en/thumb/a/ad/Snoopy%27s_Grand_Adventure_Peanut_Movie_cover_art.jpg/220px-Snoopy%27s_Grand_Adventure_Peanut_Movie_cover_art.jpg
Peg Solitaire,unreleased
Pentapuzzle,unreleased
Percy's Predicament,unreleased
Perpetual Blast,unreleased
The Perplexing Orb,unreleased
Petite Zombies,unreleased
Phineas and Ferb: Quest for Cool Stuff,https://upload.wikimedia.org/wikipedia/en/thumb/1/13/Phineas_and_Ferb_Quest_for_Cool_Stuff_NA_game_cover.jpg/256px-Phineas_and_Ferb_Quest_for_Cool_Stuff_NA_game_cover.jpg
Piano Teacher,unreleased
Pic-a-Pix Color,unreleased
PictoParty,unreleased
Pier Solar and the Great Architects,https://upload.wikimedia.org/wikipedia/en/thumb/9/93/Pier-solar-and-the-great-architects-european-box-art.JPG/220px-Pier-solar-and-the-great-architects-european-box-art.JPG
Pikmin 3,https://upload.wikimedia.org/wikipedia/en/thumb/5/53/Pikmin_3_box_artwork.png/220px-Pikmin_3_box_artwork.png
Pinball,unreleased
The Pinball Arcade,https://upload.wikimedia.org/wikipedia/en/thumb/4/47/Pinball_Arcade_Logo.png/220px-Pinball_Arcade_Logo.png
Pinball Breakout,unreleased
Ping 1.5+,unreleased
Pirate Pop Plus,unreleased
Pixel Paint,unreleased
Pixel Slime U,unreleased
PixelJunk Monsters,https://upload.wikimedia.org/wikipedia/en/thumb/f/f2/Psn_pixeljunk_monsters_icon.png/220px-Psn_pixeljunk_monsters_icon.png
PixelMaker,unreleased
PixelMaker Studio,unreleased
PixlCross,unreleased
Placards,unreleased
Plantera,unreleased
Plenty of Fishies,unreleased
Pokémon Rumble U,https://upload.wikimedia.org/wikipedia/en/thumb/2/2f/Pokemon_Rumble_U.png/250px-Pokemon_Rumble_U.png
Poker Dice Solitaire Future,unreleased
Pokkén Tournament,https://upload.wikimedia.org/wikipedia/en/thumb/9/99/PokkenTournamentBoxart.png/220px-PokkenTournamentBoxart.png
Poncho,https://upload.wikimedia.org/wikipedia/en/thumb/9/94/Poncho_video_game.png/220px-Poncho_video_game.png
Preston Sterling and the Legend of Excalibur,unreleased
Prism Pets,unreleased
Psibo,unreleased
Psyscrolr,unreleased
Puddle,https://upload.wikimedia.org/wikipedia/en/thumb/6/6e/Puddle_%28video_game%29_cover.jpg/170px-Puddle_%28video_game%29_cover.jpg
PuchiCon Big,unreleased
Pure Chess,https://upload.wikimedia.org/wikipedia/en/thumb/a/a1/Pure_Chess_Cover_Art.png/220px-Pure_Chess_Cover_Art.png
Pushmo World,https://upload.wikimedia.org/wikipedia/en/thumb/5/51/Pushmoworldlogo.jpg/220px-Pushmoworldlogo.jpg
Puyo Puyo Tetris,https://upload.wikimedia.org/wikipedia/en/thumb/2/26/Puyo_Puyo_Tetris_NA-EU_Cover.jpg/220px-Puyo_Puyo_Tetris_NA-EU_Cover.jpg
Puzzle Monkeys,unreleased
Quadcopter Pilot Challenge,unreleased
Q.U.B.E.: Director's Cut,https://upload.wikimedia.org/wikipedia/en/thumb/a/a5/Qube_game_logo.png/220px-Qube_game_logo.png
Queens Garden,unreleased
The Quiet Collection,unreleased
Rabbids Land,https://upload.wikimedia.org/wikipedia/en/thumb/b/b7/Rabbids_Land.png/220px-Rabbids_Land.png
Race the Sun,https://upload.wikimedia.org/wikipedia/en/thumb/b/b6/Race_the_Sun_Coverart.png/220px-Race_the_Sun_Coverart.png
Radiantflux: Hyperfractal,unreleased
Rainbow Snake,unreleased
Rakoo & Friends,unreleased
Rapala Pro Bass Fishing,unreleased
Rayman Legends,https://upload.wikimedia.org/wikipedia/en/thumb/f/f6/Rayman_Legends_Box_Art.jpg/220px-Rayman_Legends_Box_Art.jpg
Red Riding Hood,unreleased
Replay: VHS is Not Dead,unreleased
Reptilian Rebellion,unreleased
Resident Evil: Revelations,https://upload.wikimedia.org/wikipedia/en/thumb/f/f9/Resident_evil_rev._2012_Capcom.png/220px-Resident_evil_rev._2012_Capcom.png
Retro Road Rumble,unreleased
Revenant Saga,unreleased
Rise of the Guardians: The Video Game,https://upload.wikimedia.org/wikipedia/en/thumb/9/90/Rise_of_the_Guardians_%28video_game%29_cover.jpg/250px-Rise_of_the_Guardians_%28video_game%29_cover.jpg
The Rivers of Alice: Extended Version,unreleased
Rock 'N Racing Grand Prix,unreleased
Rock 'N Racing Off Road,unreleased
Rock 'N Racing Off Road DX,unreleased
Rock Zombie,unreleased
Rodea the Sky Soldier,https://upload.wikimedia.org/wikipedia/en/thumb/8/87/Rodeaboxartna.png/220px-Rodeaboxartna.png
Romance of the Three Kingdoms 12,https://upload.wikimedia.org/wikipedia/en/thumb/b/be/Sangokushi_12_design_cover.jpg/220px-Sangokushi_12_design_cover.jpg
Rorrim,unreleased
Roving Rogue,unreleased
RTO,unreleased
RTO 2,unreleased
Run Run and Die,unreleased
Runbow,https://upload.wikimedia.org/wikipedia/en/thumb/6/65/Runbow.jpg/220px-Runbow.jpg
Rush,unreleased
Rynn's Adventure: Trouble in the Enchanted Forest,unreleased
Sanatory Hallways,unreleased
Santa Factory,unreleased
Scram Kitty and His Buddy on Rails,unreleased
Scribble,unreleased
Scribblenauts Unlimited,https://upload.wikimedia.org/wikipedia/en/thumb/a/aa/Scribblenauts_Unlimited_cover.jpg/250px-Scribblenauts_Unlimited_cover.jpg
Scribblenauts Unmasked: A DC Comics Adventure,https://upload.wikimedia.org/wikipedia/en/thumb/8/80/ScribblenautsUnmasked.jpg/220px-ScribblenautsUnmasked.jpg
Secret Files: Tunguska,https://upload.wikimedia.org/wikipedia/en/thumb/8/8b/Tunguska-EU.png/220px-Tunguska-EU.png
Severed,https://upload.wikimedia.org/wikipedia/commons/thumb/d/da/Severed_video_game_logo.png/220px-Severed_video_game_logo.png
Shadow Archer,unreleased
Shadow Archery,unreleased
Shadow Puppeteer,https://upload.wikimedia.org/wikipedia/en/thumb/5/50/Shadow_Puppeteer_cover.jpg/220px-Shadow_Puppeteer_cover.jpg
Shantae and the Pirate's Curse,https://upload.wikimedia.org/wikipedia/en/thumb/4/41/Shantae_3_cover.png/220px-Shantae_3_cover.png
Shantae: Half-Genie Hero,https://upload.wikimedia.org/wikipedia/en/thumb/9/9c/Shantae_Half-Genie_Hero.png/220px-Shantae_Half-Genie_Hero.png
Shantae: Risky's Revenge - Director's Cut,https://upload.wikimedia.org/wikipedia/en/1/1d/Shantae_-_Risky%27s_Revenge_Coverart.png
Shapes of Gray,unreleased
Shiftlings,unreleased
Shiny the Firefly,unreleased
Shooting Range by Thornbury Software,unreleased
Shoot the Ball,unreleased
Shooty Space,unreleased
Shovel Knight,https://upload.wikimedia.org/wikipedia/en/thumb/c/c8/Shovel_knight_cover.jpg/220px-Shovel_knight_cover.jpg
Shovel Knight: King of Cards,https://upload.wikimedia.org/wikipedia/en/thumb/c/c8/Shovel_knight_cover.jpg/220px-Shovel_knight_cover.jpg
Shovel Knight: Plague of Shadows,https://upload.wikimedia.org/wikipedia/en/thumb/c/c8/Shovel_knight_cover.jpg/220px-Shovel_knight_cover.jpg
Shovel Knight: Specter of Torment,https://upload.wikimedia.org/wikipedia/en/thumb/c/c8/Shovel_knight_cover.jpg/220px-Shovel_knight_cover.jpg
Shütshimi,unreleased
Shuttle Rush,unreleased
Sing Party,https://upload.wikimedia.org/wikipedia/en/2/28/Sing_Party_Covertart.png
Sinister Assistant,unreleased
Six Sides of the World,unreleased
Skeasy,unreleased
Sketch Wars,unreleased
Skorb,unreleased
Skunky B's Super Slots Saga #1,unreleased
Sky Force Anniversary,https://upload.wikimedia.org/wikipedia/commons/thumb/1/19/SkyForce_Anniversary_logo.png/220px-SkyForce_Anniversary_logo.png
Skylanders: Giants,https://upload.wikimedia.org/wikipedia/en/thumb/0/0d/Skylanders_Giants_cover.png/220px-Skylanders_Giants_cover.png
Skylanders: Imaginators,https://upload.wikimedia.org/wikipedia/en/thumb/4/45/Skylanders_Imaginators_cover_art.jpg/220px-Skylanders_Imaginators_cover_art.jpg
Skylanders: Spyro's Adventure,https://upload.wikimedia.org/wikipedia/en/thumb/b/bc/Skylanders-spyros-adventure-cover-okladka.jpg/220px-Skylanders-spyros-adventure-cover-okladka.jpg
Skylanders: SuperChargers,https://upload.wikimedia.org/wikipedia/en/thumb/e/e1/Skylanders_SuperChargers_cover_art.jpg/220px-Skylanders_SuperChargers_cover_art.jpg
Skylanders: Swap Force,https://upload.wikimedia.org/wikipedia/en/thumb/7/77/Skylanders_Swap_Force.jpg/220px-Skylanders_Swap_Force.jpg
Skylanders: Trap Team,https://upload.wikimedia.org/wikipedia/en/thumb/8/8f/Skylanders_Trap_Team_cover_art.jpg/220px-Skylanders_Trap_Team_cover_art.jpg
Slender: The Arrival,https://upload.wikimedia.org/wikipedia/en/thumb/8/8a/Slender_The_Arrival_website_logo.png/220px-Slender_The_Arrival_website_logo.png
Slots: Pharaoh's Riches,unreleased
Smart Adventures Mission Math: Sabotage at the Space Station,unreleased
Sniper Elite V2,https://upload.wikimedia.org/wikipedia/en/thumb/b/b2/Sniper_Elite_V2_cover_art.jpg/220px-Sniper_Elite_V2_cover_art.jpg
Snowball,https://upload.wikimedia.org/wikipedia/en/thumb/a/a8/Silicon_Dreams_Rainbird_cover.jpg/220px-Silicon_Dreams_Rainbird_cover.jpg
Solitaire,unreleased
Solitaire Dungeon Escape,unreleased
Sonic & All-Stars Racing Transformed,https://upload.wikimedia.org/wikipedia/en/thumb/8/89/Sonic_%26_All-Stars_Racing_Transformed_box_artwork.png/220px-Sonic_%26_All-Stars_Racing_Transformed_box_artwork.png
Sonic Boom: Rise of Lyric,https://upload.wikimedia.org/wikipedia/en/thumb/2/2b/Sonicboomwiiu.jpg/220px-Sonicboomwiiu.jpg
Sonic Lost World,https://upload.wikimedia.org/wikipedia/en/thumb/b/bf/Sonic_Lost_World_Wii_U_Box_art.jpg/220px-Sonic_Lost_World_Wii_U_Box_art.jpg
Soon Shine,unreleased
Soul Axiom,https://upload.wikimedia.org/wikipedia/en/thumb/e/e4/SoulAxiom_LargeCapsule.png/220px-SoulAxiom_LargeCapsule.png
Space Hulk,https://upload.wikimedia.org/wikipedia/en/thumb/4/42/SpaceHulk%282013_video_game%29Cover.jpg/220px-SpaceHulk%282013_video_game%29Cover.jpg
Space Hunted,unreleased
SpaceRoads,unreleased
Spellcaster's Assistant,unreleased
Sphere Slice,unreleased
SphereZor,unreleased
Spheroids,unreleased
Spikey Walls,unreleased
Spin the Bottle: Bumpie's Party,unreleased
Splashy Duck,unreleased
Splatoon,https://upload.wikimedia.org/wikipedia/en/thumb/b/bb/Splatoon.jpg/220px-Splatoon.jpg
SpongeBob SquarePants: Plankton's Robotic Revenge,https://upload.wikimedia.org/wikipedia/en/thumb/9/93/SpongeBob_SquarePants_Planktons_Robotic_Revenge_NA_game_cover.jpg/220px-SpongeBob_SquarePants_Planktons_Robotic_Revenge_NA_game_cover.jpg
Sportsball,unreleased
Spot the Differences! Party,unreleased
Spy Chameleon,unreleased
Star Fox Guard,https://upload.wikimedia.org/wikipedia/en/thumb/b/b7/Star_Fox_Guard_2.png/220px-Star_Fox_Guard_2.png
Star Fox Zero,https://upload.wikimedia.org/wikipedia/en/thumb/0/0a/Star_Fox_Zero.jpg/220px-Star_Fox_Zero.jpg
Star Ghost,unreleased
Star Sky,unreleased
Star Sky 2,unreleased
Star Splash: Shattered Star,unreleased
Star Wars Pinball,https://upload.wikimedia.org/wikipedia/commons/thumb/c/ce/Star_wars2.svg/220px-Star_wars2.svg.png
Starwhal,unreleased
Stealth Inc. 2: A Game of Clones,https://upload.wikimedia.org/wikipedia/en/thumb/a/a8/Stealth_Inc_2_logo.png/220px-Stealth_Inc_2_logo.png
SteamWorld Dig,https://upload.wikimedia.org/wikipedia/en/thumb/9/98/SteamWorld_Dig_cover.png/250px-SteamWorld_Dig_cover.png
SteamWorld Heist,https://upload.wikimedia.org/wikipedia/en/thumb/1/12/SteamWorld_Heist_logo.jpg/220px-SteamWorld_Heist_logo.jpg
Steel Lords,unreleased
Steel Rivals,unreleased
Stick It to the Man!,unreleased
Stone Shire,unreleased
The Stonecutter,unreleased
Sudoku and Permudoku,unreleased
Sudoku Party,unreleased
Super Destronaut,unreleased
Super Destronaut 2: Go Duck Yourself,unreleased
Super Hero Math,unreleased
Super Mario 3D World,https://upload.wikimedia.org/wikipedia/en/thumb/5/5e/Super_Mario_3D_World_box_art.jpg/220px-Super_Mario_3D_World_box_art.jpg
Super Mario Maker,https://upload.wikimedia.org/wikipedia/en/thumb/d/da/Super_Mario_Maker_Artwork.jpg/220px-Super_Mario_Maker_Artwork.jpg
Super Meat Boy,https://upload.wikimedia.org/wikipedia/en/thumb/a/aa/SuperMeatBoy_cover.png/220px-SuperMeatBoy_cover.png
Super Robo Mouse,unreleased
Super Smash Bros. for Wii U,https://upload.wikimedia.org/wikipedia/en/thumb/a/a2/Super_Smash_Bros_for_Wii_U_Box_Art.png/220px-Super_Smash_Bros_for_Wii_U_Box_Art.png
Super Toy Cars,unreleased
Super Ultra Star Shooter,unreleased
Surfin' Sam: Attack of the Aqualites,unreleased
Suspension Railroad Simulator,unreleased
Swap Blocks,unreleased
Swap Fire,unreleased
The Swapper,https://upload.wikimedia.org/wikipedia/commons/thumb/b/b1/The_swapper_logo.png/252px-The_swapper_logo.png
Sweetest Thing,unreleased
The Swindle,https://upload.wikimedia.org/wikipedia/en/thumb/d/dc/TheSwindle.jpg/220px-TheSwindle.jpg
Swords & Soldiers,https://upload.wikimedia.org/wikipedia/en/thumb/1/1c/Swords_%26_Soldiers_logo.png/220px-Swords_%26_Soldiers_logo.png
Swords & Soldiers II,https://upload.wikimedia.org/wikipedia/en/thumb/1/1c/Swords_%26_Soldiers_logo.png/220px-Swords_%26_Soldiers_logo.png
Tabletop Gallery,unreleased
Tachyon Project,unreleased
Taiko no Tatsujin: Tokumori!,https://upload.wikimedia.org/wikipedia/commons/thumb/4/49/Taiko_no_tatsujin_arcade_machine.jpg/250px-Taiko_no_tatsujin_arcade_machine.jpg
Taiko no Tatsujin: Wii U Version,https://upload.wikimedia.org/wikipedia/commons/thumb/4/49/Taiko_no_tatsujin_arcade_machine.jpg/250px-Taiko_no_tatsujin_arcade_machine.jpg
Tallowmere,unreleased
Tank SP,unreleased
Tank! Tank! Tank!,https://upload.wikimedia.org/wikipedia/en/thumb/d/d2/Tank%21_Tank%21_Tank%21_arcade_flyer.jpg/250px-Tank%21_Tank%21_Tank%21_arcade_flyer.jpg
Tap Tap Arcade,unreleased
Tap Tap Arcade 2,unreleased
Tekken Tag Tournament 2: Wii U Edition,https://upload.wikimedia.org/wikipedia/en/thumb/5/5c/Tekken_TT2_console.png/220px-Tekken_TT2_console.png
Terraria,https://upload.wikimedia.org/wikipedia/en/thumb/4/42/TerrariaLogo2.png/220px-TerrariaLogo2.png
Teslagrad,https://upload.wikimedia.org/wikipedia/en/thumb/0/0e/Teslagrad-Logo-550x82.png/220px-Teslagrad-Logo-550x82.png
Teslapunk,unreleased
Test Your Mind,unreleased
Tested with Robots!,unreleased
Tetrobot and Co.,unreleased
Tetraminos,unreleased
The First Skunk Bundle,unreleased
Thomas Was Alone,https://upload.wikimedia.org/wikipedia/commons/thumb/2/2d/Thomas_was_alone_cover.png/220px-Thomas_was_alone_cover.png
Tilelicious: Delicious Tiles,unreleased
Tiny Galaxy!,unreleased
Tiny Thief,https://upload.wikimedia.org/wikipedia/en/thumb/f/f7/Tiny_Thief_logo.jpg/220px-Tiny_Thief_logo.jpg
Titans Tower,unreleased
TNT Racers: Nitro Machines Edition,https://upload.wikimedia.org/wikipedia/en/thumb/e/ed/TNT_Racers_logo.jpg/220px-TNT_Racers_logo.jpg
Toby: The Secret Mine,https://upload.wikimedia.org/wikipedia/en/thumb/2/28/Toby-secret_mine.png/220px-Toby-secret_mine.png
Togabito no Senritsu,unreleased
Toki Tori,https://upload.wikimedia.org/wikipedia/en/thumb/9/9a/Toki_Tori_Coverart.png/220px-Toki_Tori_Coverart.png
Toki Tori 2+,https://upload.wikimedia.org/wikipedia/en/thumb/5/5c/Toki_Tori_2_logo.png/220px-Toki_Tori_2_logo.png
Tomeling in Trouble,unreleased
Tom Clancy's Splinter Cell: Blacklist,https://upload.wikimedia.org/wikipedia/en/thumb/4/47/Tom_Clancy%27s_Splinter_Cell_Blacklist_box_art.png/220px-Tom_Clancy%27s_Splinter_Cell_Blacklist_box_art.png
Toon Tanks,unreleased
Toon War,unreleased
TorqueL,unreleased
Toss n Go,unreleased
Totem Topple,unreleased
Toto Temple Deluxe,unreleased
Touch Battle Tank SP,unreleased
Touch Selections,unreleased
Transformers Prime: The Game,https://upload.wikimedia.org/wikipedia/en/thumb/0/06/Transformers_-_Prime_-_The_Game.jpg/250px-Transformers_-_Prime_-_The_Game.jpg
Transformers: Rise of the Dark Spark,https://upload.wikimedia.org/wikipedia/en/thumb/e/ec/Transfromersgame.png/220px-Transfromersgame.png
Trine: Enchanted Edition,https://upload.wikimedia.org/wikipedia/en/thumb/b/b2/Trine.png/220px-Trine.png
Trine 2: Director's Cut,https://upload.wikimedia.org/wikipedia/en/thumb/0/0b/Trine_2_cover.jpg/220px-Trine_2_cover.jpg
Tri-Strip,unreleased
Triple Breakout,unreleased
Tumblestone,unreleased
Turtle Tale,unreleased
Twin Robots,unreleased
Twisted Fusion,unreleased
Typoman,https://upload.wikimedia.org/wikipedia/en/thumb/9/9a/Typomanlogo.png/220px-Typomanlogo.png
U Host,unreleased
Ultratron,unreleased
Unalive,unreleased
Underground,unreleased
Unepic,https://upload.wikimedia.org/wikipedia/en/thumb/9/92/Unepic_cover.jpg/220px-Unepic_cover.jpg
Use Your Words,https://upload.wikimedia.org/wikipedia/commons/thumb/7/73/Blue_pencil.svg/10px-Blue_pencil.svg.png
uWordsmith,unreleased
Vaccine,unreleased
Vector Assault,unreleased
Vektor Wars,unreleased
Volcanic Field 2,unreleased
Volgarr the Viking,https://upload.wikimedia.org/wikipedia/en/thumb/7/78/Volgarr_the_Viking_logo.png/220px-Volgarr_the_Viking_logo.png
VoxelMaker,unreleased
VRog,unreleased
The Walking Dead: Survival Instinct,https://upload.wikimedia.org/wikipedia/en/thumb/4/4e/TWD-SI-cover.jpg/220px-TWD-SI-cover.jpg
Wall Ball,unreleased
Warriors Orochi 3 Hyper,https://upload.wikimedia.org/wikipedia/en/8/85/WarriorsOrochi3.jpg
Watch Dogs,https://upload.wikimedia.org/wikipedia/en/thumb/d/d9/Watch_Dogs_box_art.jpg/220px-Watch_Dogs_box_art.jpg
Whispering Willows,https://upload.wikimedia.org/wikipedia/en/thumb/d/dd/Whispering_Willows_cover.jpg/220px-Whispering_Willows_cover.jpg
Wii Fit U,https://upload.wikimedia.org/wikipedia/en/thumb/a/a8/NA_Wii_Fit_U_Boxart.jpg/220px-NA_Wii_Fit_U_Boxart.jpg
Wii Party U,https://upload.wikimedia.org/wikipedia/en/thumb/3/33/Wii_Party_U_Box_art.jpg/220px-Wii_Party_U_Box_art.jpg
Wii Sports Club,https://upload.wikimedia.org/wikipedia/en/thumb/f/f4/Wii_Sports_Club_boxart.png/220px-Wii_Sports_Club_boxart.png
Wind-up Knight 2,unreleased
Wings of Magloryx,unreleased
WinKings,unreleased
Woah Dave!,https://upload.wikimedia.org/wikipedia/en/thumb/9/91/WoahDave.jpg/220px-WoahDave.jpg
The Wonderful 101,https://upload.wikimedia.org/wikipedia/en/thumb/e/ee/Wonderful_101_box_artwork.jpg/220px-Wonderful_101_box_artwork.jpg
Wooden Sen'SeY,unreleased
Word Party,unreleased
Word Logic by Powgi,unreleased
Word Puzzles by Powgi,unreleased
Word Search by Powgi,unreleased
WordsUp! Academy,unreleased
A World of Keflings,https://upload.wikimedia.org/wikipedia/en/1/19/A_World_of_Keflings_boxart.png
Xavier,unreleased
Xenoblade Chronicles X,https://upload.wikimedia.org/wikipedia/en/thumb/7/7f/Xenoblade_Chronicles_X_-_Boxart.jpg/220px-Xenoblade_Chronicles_X_-_Boxart.jpg
Xeodrifter,https://upload.wikimedia.org/wikipedia/en/thumb/0/0e/Xeodrifter_logo.jpg/220px-Xeodrifter_logo.jpg
XType Plus,unreleased
Y.A.S.G,unreleased
Year Walk,https://upload.wikimedia.org/wikipedia/en/4/4d/Year_Walk_iTunes_App_Store_Icon.jpg
Yoshi's Woolly World,https://upload.wikimedia.org/wikipedia/en/thumb/b/b9/UK_box_art_of_Yoshi%27s_Woolly_World.jpg/220px-UK_box_art_of_Yoshi%27s_Woolly_World.jpg
Your Shape: Fitness Evolved 2013,https://upload.wikimedia.org/wikipedia/en/thumb/e/e4/Your_Shape_Fitness_Evolved_cover_art.jpg/256px-Your_Shape_Fitness_Evolved_cover_art.jpg
ZaciSa's Last Stand,unreleased
Zen Pinball 2,https://upload.wikimedia.org/wikipedia/en/thumb/6/61/ZenPinball2Cover.png/220px-ZenPinball2Cover.png
Ziggurat,https://upload.wikimedia.org/wikipedia/en/thumb/4/4b/Ziggurat_2014_cover_art.jpg/220px-Ziggurat_2014_cover_art.jpg
Zombeer,unreleased
Zombie Brigade: No Brain No Gain,unreleased
Zombie Defense,unreleased
ZombiU,https://upload.wikimedia.org/wikipedia/en/thumb/1/10/ZombiU_Box_Art_%28Final%29.jpg/220px-ZombiU_Box_Art_%28Final%29.jpg
Zumba Fitness: World Party,https://upload.wikimedia.org/wikipedia/en/thumb/f/ff/Zumba_Fitness_World_Party.png/220px-Zumba_Fitness_World_Party.png
